<?xml version="1.0" encoding="UTF-8" ?>
<document>
<!--The data in this file is primarily intended for consumption by Xilinx tools.
The structure and the elements are likely to change over the next few releases.
This means code written to parse this file will need to be revisited each subsequent release.-->
<application name="impact" timeStamp="Fri Apr 01 10:42:15 2016">
<section name="Project Information" visible="false">
<property name="ProjectID" value="e6ff7df655884005b69028392abb0ee4"/>
<property name="ProjectIteration" value="1"/>
</section>
<section name="iMPACT Project Info" visible="true">
<property name="Use Project File" value="No"/>
<property name="Project Entry" value="ise"/>
<property name="OS Name" value="Microsoft Windows 7 (64 Bit)"/>
<property name="User Lic. Info" value="135256_15690819_173552794_661"/>
</section>
<section name="iMPACT One Step SVF File Mode" visible="true">
<item name="Chain Summary">
<property name="Number of device" value="3"/>
<property name="Number of Xilinx device" value="3"/>
<property name="Number of Non-Xilinx device" value="0"/>
</item>
<item name="Chain Description">
<property name="Device1" value="spartan3e"/>
<property name="Part1" value="xc3s500e"/>
<property name="Device2" value="xcf"/>
<property name="Part2" value="xcf04s"/>
<property name="Device3" value="xbr"/>
<property name="Part3" value="xc2c64a"/>
</item>
<item name="Boundary Scan Operations Statistics">
<property name="BSCAN Operation" value="Program -p 0
"/>
</item>
<item name="Cable Summary">
<property name="Cable Type" value=""/>
<property name="Cable Speed" value="0"/>
<property name="Port" value="NULL"/>
<property name="Local_Server_Mode" value="Local"/>
</item>
</section>
</application>
</document>
